"10-18","45-60","4-13","0-0","2-13","1-5","9-20","1-5","Aberavon","Wales","Labour"
"27-39","19-31","4-13","0-0","10-26","1-5","6-16","0-4","Aberconwy","Wales","Conservatives"
"10-19","22-37","5-15","30-52","0-0","1-5","0-2","0-4","Aberdeen North","Scotland","Labour"
"16-27","21-34","9-22","22-42","0-0","1-5","0-2","0-3","Aberdeen South","Scotland","Labour"
"22-32","6-15","19-29","29-42","0-0","0-3","0-2","0-3","West Aberdeenshire and Kincardine","Scotland","Liberal Democrats"
"5-12","34-46","1-5","40-51","0-0","0-2","0-3","0-3","Airdrie and Shotts","Scotland","Labour"
"41-53","11-21","13-28","0-0","0-0","2-7","7-16","0-4","Aldershot","South East","Conservatives"
"45-57","18-28","3-11","0-0","0-0","1-5","10-21","0-3","Aldridge-Brownhills","West Midlands","Conservatives"
"44-55","23-34","7-18","0-0","0-0","1-7","2-9","0-3","Altrincham and Sale West","North West","Conservatives"
"25-36","36-49","4-13","0-0","0-7","1-5","7-17","0-4","Alyn and Deeside","Wales","Labour"
"32-42","34-44","2-8","0-0","0-0","2-6","10-17","1-4","Amber Valley","East Midlands","Conservatives"
"20-34","7-17","2-9","42-62","0-0","0-2","0-4","0-3","Angus","Scotland","SNP"
"12-22","25-41","3-11","0-0","21-44","2-8","2-10","0-4","Arfon","Wales","Plaid Cymru"
"17-29","12-23","10-23","29-49","0-0","1-5","0-4","0-3","Argyll and Bute","Scotland","Liberal Democrats"
"49-61","7-16","11-25","0-0","0-0","1-5","7-17","0-3","Arundel and South Downs","South East","Conservatives"
"15-24","38-51","10-23","0-0","0-0","1-6","9-20","1-6","Ashfield","East Midlands","Labour"
"44-55","14-24","7-18","0-0","0-0","1-6","10-20","0-4","Ashford","South East","Conservatives"
"18-28","44-57","3-11","0-0","0-0","1-6","9-20","1-5","Ashton-under-Lyne","North West","Labour"
"47-59","11-20","10-23","0-0","0-0","1-5","7-17","0-3","Aylesbury","South East","Conservatives"
"18-27","27-38","1-6","33-45","0-0","0-2","0-3","0-3","Ayr, Carrick and Cumnock","Scotland","Labour"
"14-24","28-43","1-6","29-47","0-0","0-4","0-3","0-3","Central Ayrshire","Scotland","Labour"
"9-18","23-38","1-5","41-59","0-0","0-3","0-2","0-3","North Ayrshire and Arran","Scotland","Labour"
"46-57","19-29","5-15","0-0","0-0","1-6","6-15","0-2","Banbury","South East","Conservatives"
"18-32","4-13","2-10","45-68","0-0","0-3","0-4","0-3","Banff and Buchan","Scotland","SNP"
"14-23","47-61","2-8","0-0","0-0","1-4","13-26","0-4","Barking","London","Labour"
"11-20","52-65","3-10","0-0","0-0","1-4","9-20","1-8","Barnsley Central","Yorkshire and The Humber","Labour"
"11-19","49-63","3-11","0-0","0-0","0-4","11-23","1-8","Barnsley East","Yorkshire and The Humber","Labour"
"26-36","45-57","2-8","0-0","0-0","1-6","5-13","0-4","Barrow and Furness","North West","Labour"
"39-50","18-29","4-12","0-0","0-0","1-4","15-27","0-3","Basildon and Billericay","East of England","Conservatives"
"34-43","25-34","3-9","0-0","0-0","1-4","18-27","1-4","South Basildon and East Thurrock","East of England","Conservatives"
"45-57","17-27","8-19","0-0","0-0","1-5","6-15","0-4","Basingstoke","South East","Conservatives"
"23-33","45-58","2-8","0-0","0-0","0-3","8-19","0-4","Bassetlaw","East Midlands","Labour"
"25-37","10-20","28-47","0-0","0-0","7-17","2-8","0-3","Bath","South West","Liberal Democrats"
"23-33","42-54","3-11","0-0","0-0","1-5","7-18","0-4","Batley and Spen","Yorkshire and The Humber","Labour"
"44-55","28-40","4-12","0-0","0-0","3-10","0-4","0-2","Battersea","London","Conservatives"
"54-66","10-19","9-21","0-0","0-0","1-5","4-11","0-3","Beaconsfield","South East","Conservatives"
"49-61","16-26","6-15","0-0","0-0","1-6","5-14","0-4","Beckenham","London","Conservatives"
"29-38","32-42","10-19","0-0","0-0","1-6","6-14","1-4","Bedford","East of England","Conservatives"
"43-54","14-23","10-23","0-0","0-0","2-7","7-17","0-4","Mid Bedfordshire","East of England","Conservatives"
"45-56","14-24","10-22","0-0","0-0","1-6","6-14","0-4","North East Bedfordshire","East of England","Conservatives"
"42-53","17-26","7-17","0-0","0-0","2-8","8-18","0-4","South West Bedfordshire","East of England","Conservatives"
"13-22","28-38","34-43","0-0","0-0","3-8","1-6","0-3","Bermondsey and Old Southwark","London","Liberal Democrats"
"31-41","13-22","27-36","0-0","0-0","1-6","7-14","0-3","Berwick-upon-Tweed","North East","Liberal Democrats"
"26-39","5-14","20-39","14-33","0-0","0-4","1-5","0-4","Berwickshire, Roxburgh and Selkirk","Scotland","Liberal Democrats"
"14-23","46-61","6-19","0-0","0-0","5-15","1-8","0-5","Bethnal Green and Bow","London","Labour"
"36-47","24-35","5-15","0-0","0-0","1-6","8-18","1-5","Beverley and Holderness","Yorkshire and The Humber","Conservatives"
"42-54","13-23","8-20","0-0","0-0","2-7","9-20","0-4","Bexhill and Battle","South East","Conservatives"
"40-51","23-34","2-9","0-0","0-0","1-4","11-23","0-4","Bexleyheath and Crayford","London","Conservatives"
"12-21","62-73","3-10","0-0","0-0","1-7","2-10","0-2","Birkenhead","North West","Labour"
"28-37","43-53","2-9","0-0","0-0","3-9","4-11","0-4","Birmingham, Edgbaston","West Midlands","Labour"
"23-33","39-52","3-11","0-0","0-0","1-7","8-20","0-4","Birmingham, Erdington","West Midlands","Labour"
"12-21","42-58","12-29","0-0","0-0","2-8","3-11","1-6","Birmingham, Hall Green","West Midlands","Labour"
"6-15","50-67","10-25","0-0","0-0","1-5","4-15","1-6","Birmingham, Hodge Hill","West Midlands","Labour"
"8-17","52-67","9-23","0-0","0-0","2-9","3-11","0-3","Birmingham, Ladywood","West Midlands","Labour"
"23-33","42-54","3-10","0-0","0-0","2-7","7-17","1-5","Birmingham, Northfield","West Midlands","Labour"
"14-24","46-61","7-18","0-0","0-0","1-6","6-16","0-4","Birmingham, Perry Barr","West Midlands","Labour"
"21-31","43-56","4-13","0-0","0-0","4-12","3-11","0-4","Birmingham, Selly Oak","West Midlands","Labour"
"12-20","29-38","31-41","0-0","0-0","1-4","7-14","1-4","Birmingham, Yardley","West Midlands","Liberal Democrats"
"22-31","42-54","3-12","0-0","0-0","1-7","8-18","0-4","Bishop Auckland","North East","Labour"
"18-27","48-61","4-12","0-0","0-0","1-5","6-15","1-6","Blackburn","North West","Labour"
"13-22","50-64","3-11","0-0","0-0","1-7","7-17","1-6","Blackley and Broughton","North West","Labour"
"36-45","32-41","2-8","0-0","0-0","1-5","9-17","1-4","Blackpool North and Cleveleys","North West","Conservatives"
"25-35","38-51","2-9","0-0","0-0","1-6","11-22","0-4","Blackpool South","North West","Labour"
"5-13","56-72","2-8","0-0","1-12","1-4","5-16","1-8","Blaenau Gwent","Wales","Labour"
"13-22","50-63","6-18","0-0","0-0","2-9","4-13","0-3","Blaydon","North East","Labour"
"15-24","48-61","6-18","0-0","0-0","1-6","5-13","0-4","Blyth Valley","North East","Labour"
"41-52","12-22","6-17","0-0","0-0","1-5","14-27","1-4","Bognor Regis and Littlehampton","South East","Conservatives"
"16-26","46-59","3-10","0-0","0-0","1-4","11-22","1-4","Bolsover","East Midlands","Labour"
"25-35","43-55","2-9","0-0","0-0","1-7","6-16","0-3","Bolton North East","North West","Labour"
"17-27","46-59","3-11","0-0","0-0","1-5","9-20","0-4","Bolton South East","North West","Labour"
"27-36","36-45","6-13","0-0","0-0","1-5","10-18","1-4","Bolton West","North West","Labour"
"6-14","65-77","3-10","0-0","0-0","1-6","4-12","1-5","Bootle","North West","Labour"
"36-45","16-25","3-9","0-0","0-0","1-4","25-33","1-5","Boston and Skegness","East Midlands","Conservatives"
"36-47","16-26","13-28","0-0","0-0","1-5","8-18","1-5","Bosworth","East Midlands","Conservatives"
"43-54","13-23","8-20","0-0","0-0","3-9","7-17","1-4","Bournemouth East","South West","Conservatives"
"41-52","16-25","8-20","0-0","0-0","3-9","7-17","0-4","Bournemouth West","South West","Conservatives"
"46-58","14-24","8-20","0-0","0-0","1-6","6-14","0-4","Bracknell","South East","Conservatives"
"15-23","37-48","20-29","0-0","0-0","1-4","6-13","1-5","Bradford East","Yorkshire and The Humber","Liberal Democrats"
"20-30","41-54","4-12","0-0","0-0","1-5","9-20","1-6","Bradford South","Yorkshire and The Humber","Labour"
"19-30","46-60","3-11","0-0","0-0","1-7","5-15","1-6","Bradford West","Yorkshire and The Humber","Labour"
"40-51","18-28","6-15","0-0","0-0","1-6","11-23","0-3","Braintree","East of England","Conservatives"
"28-38","11-20","30-40","0-0","1-9","1-4","5-12","0-2","Brecon and Radnorshire","Wales","Liberal Democrats"
"9-18","49-59","18-27","0-0","0-0","2-8","1-6","0-4","Brent Central","London","Liberal Democrats"
"21-31","47-60","7-19","0-0","0-0","1-5","2-8","0-4","Brent North","London","Labour"
"32-41","36-46","9-17","0-0","0-0","2-6","2-6","0-3","Brentford and Isleworth","London","Conservatives"
"46-58","9-18","8-19","0-0","0-0","1-6","11-23","0-3","Brentwood and Ongar","East of England","Conservatives"
"21-31","35-48","5-15","0-0","2-11","1-6","7-17","1-5","Bridgend","Wales","Labour"
"37-48","16-26","9-21","0-0","0-0","2-7","10-21","0-4","Bridgwater and West Somerset","South West","Conservatives"
"34-44","28-39","2-9","0-0","0-0","1-4","12-23","1-4","Brigg and Goole","Yorkshire and The Humber","Conservatives"
"33-43","32-42","4-11","0-0","0-0","6-12","5-11","0-3","Brighton, Kemptown","South East","Conservatives"
"20-28","27-36","4-10","0-0","0-0","30-37","1-5","0-3","Brighton, Pavilion","South East","Other"
"22-31","39-51","7-17","0-0","0-0","3-10","5-14","0-4","Bristol East","South West","Labour"
"30-41","28-39","8-20","0-0","0-0","3-9","5-14","0-4","Bristol North West","South West","Conservatives"
"18-27","38-51","9-21","0-0","0-0","3-11","6-15","0-4","Bristol South","South West","Labour"
"12-22","26-39","22-39","0-0","0-0","12-23","0-4","0-4","Bristol West","South West","Liberal Democrats"
"36-47","14-24","13-27","0-0","0-0","2-7","10-20","0-3","Broadland","East of England","Conservatives"
"45-56","18-28","6-16","0-0","0-0","1-6","7-17","0-3","Bromley and Chislehurst","London","Conservatives"
"41-52","22-33","6-16","0-0","0-0","1-6","6-16","1-5","Bromsgrove","West Midlands","Conservatives"
"47-58","15-25","3-11","0-0","0-0","1-4","11-22","0-4","Broxbourne","East of England","Conservatives"
"31-40","35-45","5-12","0-0","0-0","2-6","7-14","1-4","Broxtowe","East Midlands","Conservatives"
"0-0","0-0","0-0","0-0","0-0","0-0","0-0","99-100","Buckingham","South East","Other"
"11-20","35-45","21-30","0-0","0-0","1-4","10-18","1-5","Burnley","North West","Liberal Democrats"
"37-47","26-38","3-11","0-0","0-0","1-5","10-21","1-4","Burton","West Midlands","Conservatives"
"34-43","36-45","4-11","0-0","0-0","1-4","7-15","0-3","Bury North","North West","Conservatives"
"24-34","44-56","4-13","0-0","0-0","2-7","4-11","0-4","Bury South","North West","Labour"
"38-49","17-28","11-23","0-0","0-0","2-7","8-17","0-3","Bury St Edmunds","East of England","Conservatives"
"11-20","38-53","4-13","0-0","9-24","1-5","6-15","1-6","Caerphilly","Wales","Labour"
"7-15","13-25","18-36","29-49","0-0","0-4","0-3","0-4","Caithness, Sutherland and Easter Ross","Scotland","Liberal Democrats"
"32-42","29-40","7-18","0-0","0-0","3-9","5-13","1-5","Calder Valley","Yorkshire and The Humber","Conservatives"
"10-19","56-70","7-18","0-0","0-0","2-8","2-8","0-3","Camberwell and Peckham","London","Labour"
"32-42","19-27","12-20","0-0","0-0","4-9","11-19","1-5","Camborne and Redruth","South West","Conservatives"
"16-25","26-35","35-43","0-0","0-0","5-11","1-4","0-3","Cambridge","East of England","Liberal Democrats"
"42-52","15-24","6-14","0-0","0-0","1-5","15-24","1-4","North East Cambridgeshire","East of England","Conservatives"
"43-54","15-25","7-18","0-0","0-0","1-6","8-18","0-4","North West Cambridgeshire","East of England","Conservatives"
"37-50","12-21","20-36","0-0","0-0","2-9","3-11","0-3","South Cambridgeshire","East of England","Conservatives"
"38-51","8-17","22-38","0-0","0-0","2-7","4-12","0-3","South East Cambridgeshire","East of England","Conservatives"
"31-40","29-38","5-13","0-0","0-0","1-4","13-21","1-5","Cannock Chase","West Midlands","Conservatives"
"36-47","18-29","10-23","0-0","0-0","4-11","6-15","0-4","Canterbury","South East","Conservatives"
"17-25","31-41","22-32","0-0","2-9","3-9","1-6","0-2","Cardiff Central","Wales","Liberal Democrats"
"31-41","36-46","4-11","0-0","1-8","2-6","3-9","0-3","Cardiff North","Wales","Conservatives"
"22-32","33-46","5-14","0-0","2-14","2-8","6-16","0-3","Cardiff South and Penarth","Wales","Labour"
"22-32","37-51","3-12","0-0","4-18","1-6","3-11","0-3","Cardiff West","Wales","Labour"
"32-41","35-44","3-10","0-0","0-0","2-6","8-16","1-4","Carlisle","North West","Conservatives"
"16-26","21-36","2-9","0-0","20-43","1-4","6-16","0-5","Carmarthen East and Dinefwr","Wales","Plaid Cymru"
"33-43","26-36","2-9","0-0","7-17","1-4","5-12","1-4","Carmarthen West and South Pembrokeshire","Wales","Conservatives"
"24-33","8-17","42-52","0-0","0-0","1-4","5-12","1-4","Carshalton and Wallington","London","Liberal Democrats"
"38-47","13-22","2-7","0-0","0-0","0-3","24-33","3-9","Castle Point","East of England","Conservatives"
"9-19","7-18","25-45","0-0","17-37","2-8","2-9","0-4","Ceredigion","Wales","Liberal Democrats"
"43-55","19-30","6-17","0-0","0-0","1-5","6-15","0-4","Charnwood","East Midlands","Conservatives"
"39-50","25-37","3-10","0-0","0-0","1-7","8-19","0-4","Chatham and Aylesford","South East","Conservatives"
"31-40","13-22","32-40","0-0","0-0","1-4","4-10","1-4","Cheadle","North West","Liberal Democrats"
"36-48","11-21","20-35","0-0","0-0","2-7","6-15","0-3","Chelmsford","East of England","Conservatives"
"55-66","18-29","5-14","0-0","0-0","2-7","1-5","0-2","Chelsea and Fulham","London","Conservatives"
"32-42","6-13","40-49","0-0","0-0","2-7","2-7","0-3","Cheltenham","South West","Liberal Democrats"
"50-64","5-13","15-31","0-0","0-0","1-6","4-12","0-2","Chesham and Amersham","South East","Conservatives"
"34-43","37-46","5-12","0-0","0-0","2-6","3-9","0-3","City of Chester","North West","Conservatives"
"10-19","43-58","13-28","0-0","0-0","1-7","6-15","0-3","Chesterfield","East Midlands","Labour"
"49-60","11-20","10-23","0-0","0-0","1-5","6-15","0-3","Chichester","South East","Conservatives"
"44-55","22-33","4-12","0-0","0-0","1-5","7-16","0-4","Chingford and Woodford Green","London","Conservatives"
"37-46","9-18","23-31","0-0","0-0","4-9","7-14","0-3","Chippenham","South West","Liberal Democrats"
"40-51","28-39","6-15","0-0","0-0","2-7","2-8","0-3","Chipping Barnet","London","Conservatives"
"29-39","42-54","2-10","0-0","0-0","1-5","4-13","0-4","Chorley","North West","Labour"
"47-59","9-18","8-20","0-0","0-0","1-4","11-23","0-4","Christchurch","South West","Conservatives"
"48-60","19-30","6-18","0-0","0-0","2-9","1-7","0-3","Cities of London and Westminster","London","Conservatives"
"29-38","18-27","2-8","0-0","0-0","1-5","32-40","0-3","Clacton","East of England","Conservatives"
"32-43","30-41","4-12","0-0","0-0","1-5","11-22","0-3","Cleethorpes","Yorkshire and The Humber","Conservatives"
"21-32","34-47","4-13","0-0","4-15","1-5","6-16","0-4","Clwyd South","Wales","Labour"
"30-42","19-30","3-10","0-0","9-24","1-5","7-17","1-5","Clwyd West","Wales","Conservatives"
"5-12","38-50","1-5","36-48","0-0","0-2","0-2","0-3","Coatbridge, Chryston and Bellshill","Scotland","Labour"
"22-32","13-22","35-45","0-0","0-0","3-8","6-13","0-3","Colchester","East of England","Liberal Democrats"
"31-40","28-38","10-19","0-0","0-0","4-9","5-12","1-4","Colne Valley","Yorkshire and The Humber","Conservatives"
"41-52","19-30","11-23","0-0","0-0","1-5","4-12","0-4","Congleton","North West","Conservatives"
"26-37","42-54","1-8","0-0","0-0","1-5","7-18","0-4","Copeland","North West","Labour"
"31-41","36-45","3-10","0-0","0-0","1-4","9-17","1-4","Corby","East Midlands","Conservatives"
"32-41","4-12","33-41","0-0","0-0","2-7","9-16","0-3","North Cornwall","South West","Liberal Democrats"
"38-50","8-17","15-29","0-0","0-0","3-9","9-20","0-4","South East Cornwall","South West","Conservatives"
"46-58","11-20","13-26","0-0","0-0","2-7","4-12","0-4","The Cotswolds","South West","Conservatives"
"16-25","49-61","4-13","0-0","0-0","1-6","6-15","1-6","Coventry North East","West Midlands","Labour"
"22-31","43-55","4-12","0-0","0-0","2-8","6-15","1-5","Coventry North West","West Midlands","Labour"
"23-33","44-57","4-12","0-0","0-0","2-8","4-12","0-4","Coventry South","West Midlands","Labour"
"40-50","25-37","3-12","0-0","0-0","1-4","8-18","0-3","Crawley","South East","Conservatives"
"37-48","30-42","3-11","0-0","0-0","1-6","6-15","0-4","Crewe and Nantwich","North West","Conservatives"
"36-45","36-45","2-8","0-0","0-0","2-6","6-12","1-4","Croydon Central","London","Conservatives"
"19-29","50-64","3-13","0-0","0-0","1-6","3-11","0-3","Croydon North","London","Labour"
"44-55","21-32","6-16","0-0","0-0","1-6","5-13","0-3","Croydon South","London","Conservatives"
"5-13","29-40","1-6","44-55","0-0","0-3","0-2","0-3","Cumbernauld, Kilsyth and Kirkintilloch East","Scotland","Labour"
"6-15","44-62","3-11","0-0","7-26","1-5","5-16","0-4","Cynon Valley","Wales","Labour"
"24-34","34-47","1-7","0-0","0-0","0-4","17-30","1-5","Dagenham and Rainham","London","Labour"
"26-36","42-54","4-12","0-0","0-0","1-7","4-13","0-3","Darlington","North East","Labour"
"42-52","21-31","3-11","0-0","0-0","1-6","10-21","1-5","Dartford","South East","Conservatives"
"49-61","15-25","5-15","0-0","0-0","1-5","7-17","0-4","Daventry","East Midlands","Conservatives"
"25-36","37-49","3-11","0-0","1-8","1-4","7-18","0-4","Delyn","Wales","Labour"
"19-28","48-61","3-11","0-0","0-0","1-6","6-15","0-4","Denton and Reddish","North West","Labour"
"24-34","35-48","8-19","0-0","0-0","2-9","5-14","1-4","Derby North","East Midlands","Labour"
"20-30","41-54","5-15","0-0","0-0","1-4","9-20","1-5","Derby South","East Midlands","Labour"
"43-54","19-29","7-18","0-0","0-0","1-6","7-16","0-3","Derbyshire Dales","East Midlands","Conservatives"
"41-52","25-35","5-13","0-0","0-0","1-5","5-13","1-6","Mid Derbyshire","East Midlands","Conservatives"
"24-34","37-50","5-15","0-0","0-0","1-5","9-20","0-3","North East Derbyshire","East Midlands","Labour"
"41-51","29-40","3-11","0-0","0-0","1-4","6-15","0-3","South Derbyshire","East Midlands","Conservatives"
"48-60","9-19","9-23","0-0","0-0","1-7","6-16","1-5","Devizes","South West","Conservatives"
"44-57","7-16","16-31","0-0","0-0","2-7","6-15","0-2","Central Devon","South West","Conservatives"
"41-53","12-21","10-23","0-0","0-0","2-8","9-19","0-4","East Devon","South West","Conservatives"
"32-41","6-14","30-38","0-0","0-0","3-8","9-16","1-4","North Devon","South West","Liberal Democrats"
"48-59","12-22","8-19","0-0","0-0","2-7","6-16","0-3","South West Devon","South West","Conservatives"
"39-52","6-14","17-32","0-0","0-0","2-8","9-20","0-4","Torridge and West Devon","South West","Conservatives"
"29-39","34-44","3-10","0-0","0-0","3-8","9-17","1-5","Dewsbury","Yorkshire and The Humber","Conservatives"
"19-29","39-51","3-11","0-0","0-0","1-5","14-26","1-6","Don Valley","Yorkshire and The Humber","Labour"
"16-26","44-57","4-13","0-0","0-0","1-6","10-21","1-5","Doncaster Central","Yorkshire and The Humber","Labour"
"13-21","53-63","2-8","0-0","0-0","1-4","13-20","1-4","Doncaster North","Yorkshire and The Humber","Labour"
"37-46","6-13","29-38","0-0","0-0","1-5","8-15","0-3","Mid Dorset and North Poole","South West","Liberal Democrats"
"45-58","6-14","14-29","0-0","0-0","1-6","7-17","0-3","North Dorset","South West","Conservatives"
"36-47","26-38","4-12","0-0","0-0","2-8","8-17","0-4","South Dorset","South West","Conservatives"
"41-52","8-17","19-33","0-0","0-0","2-7","6-14","0-3","West Dorset","South West","Conservatives"
"34-45","30-41","3-11","0-0","0-0","1-5","9-20","0-4","Dover","South East","Conservatives"
"26-35","35-45","2-7","0-0","0-0","1-4","18-26","0-3","Dudley North","West Midlands","Labour"
"33-44","28-40","3-11","0-0","0-0","1-5","12-24","0-2","Dudley South","West Midlands","Conservatives"
"17-27","46-61","8-20","0-0","0-0","3-10","1-6","0-2","Dulwich and West Norwood","London","Labour"
"26-36","26-37","1-7","23-36","0-0","0-3","1-4","0-3","Dumfries and Galloway","Scotland","Labour"
"31-42","15-25","6-13","23-36","0-0","0-3","1-4","0-3","Dumfriesshire, Clydesdale and Tweeddale","Scotland","Conservatives"
"10-20","20-35","13-30","22-44","0-0","0-4","0-2","0-3","East Dunbartonshire","Scotland","Liberal Democrats"
"4-11","33-45","1-5","41-52","0-0","0-3","0-3","1-4","West Dunbartonshire","Scotland","Labour"
"7-17","11-24","1-7","55-74","0-0","0-3","0-1","0-3","Dundee East","Scotland","SNP"
"5-13","21-31","2-7","51-61","0-0","1-5","0-1","0-3","Dundee West","Scotland","Labour"
"5-13","33-49","15-32","14-33","0-0","0-3","0-2","0-3","Dunfermline and West Fife","Scotland","Labour"
"11-20","50-63","9-22","0-0","0-0","3-10","2-8","0-4","City of Durham","North East","Labour"
"17-26","49-62","3-11","0-0","0-0","1-6","6-16","0-4","North Durham","North East","Labour"
"17-26","46-59","4-14","0-0","0-0","1-6","7-17","1-5","North West Durham","North East","Labour"
"13-26","10-23","3-12","0-0","29-58","1-5","3-13","1-6","Dwyfor Meirionnydd","Wales","Plaid Cymru"
"34-43","34-43","10-18","0-0","0-0","3-8","1-5","0-3","Ealing Central and Acton","London","Conservatives"
"24-33","47-60","4-12","0-0","0-0","1-5","3-10","0-4","Ealing North","London","Labour"
"19-29","51-64","5-16","0-0","0-0","1-6","1-7","0-4","Ealing, Southall","London","Labour"
"11-19","58-71","2-9","0-0","0-0","1-6","5-15","0-4","Easington","North East","Labour"
"11-19","63-75","4-12","0-0","0-0","1-5","1-7","1-5","East Ham","London","Labour"
"8-17","28-44","1-7","36-55","0-0","0-3","0-2","0-2","East Kilbride, Strathaven and Lesmahagow","Scotland","Labour"
"14-24","28-43","2-9","27-47","0-0","0-3","0-3","0-2","East Lothian","Scotland","Labour"
"24-34","4-11","44-54","0-0","0-0","1-5","6-14","1-4","Eastbourne","South East","Liberal Democrats"
"26-35","8-16","38-47","0-0","0-0","1-4","9-16","0-3","Eastleigh","South East","Liberal Democrats"
"43-54","22-32","6-17","0-0","0-0","1-5","6-14","0-3","Eddisbury","North West","Conservatives"
"7-15","22-35","3-11","40-57","0-0","2-8","0-1","0-2","Edinburgh East","Scotland","Labour"
"12-22","23-37","9-23","22-42","0-0","2-9","0-1","0-2","Edinburgh North and Leith","Scotland","Labour"
"15-25","25-39","8-20","20-39","0-0","2-7","0-1","0-2","Edinburgh South","Scotland","Labour"
"18-28","24-34","3-10","29-42","0-0","3-8","0-2","0-2","Edinburgh South West","Scotland","Labour"
"18-29","19-32","15-30","15-33","0-0","1-6","0-2","0-2","Edinburgh West","Scotland","Liberal Democrats"
"20-30","50-63","2-8","0-0","0-0","1-4","5-14","0-4","Edmonton","London","Labour"
"26-35","44-55","3-11","0-0","0-0","1-5","4-13","1-5","Ellesmere Port and Neston","North West","Labour"
"37-46","32-42","5-12","0-0","0-0","1-4","6-13","1-4","Elmet and Rothwell","Yorkshire and The Humber","Conservatives"
"27-37","41-53","2-9","0-0","0-0","1-6","6-16","0-4","Eltham","London","Labour"
"35-44","37-47","2-8","0-0","0-0","1-5","4-11","1-5","Enfield North","London","Conservatives"
"40-51","30-41","3-12","0-0","0-0","1-6","4-11","0-3","Enfield, Southgate","London","Conservatives"
"45-56","13-23","6-17","0-0","0-0","1-7","9-20","0-4","Epping Forest","East of England","Conservatives"
"50-61","12-21","9-21","0-0","0-0","1-6","5-13","0-4","Epsom and Ewell","South East","Conservatives"
"32-41","34-44","3-10","0-0","0-0","1-6","9-17","1-4","Erewash","East Midlands","Conservatives"
"23-33","43-56","3-10","0-0","0-0","1-4","7-17","0-4","Erith and Thamesmead","London","Labour"
"55-66","11-20","9-22","0-0","0-0","1-5","2-9","0-3","Esher and Walton","South East","Conservatives"
"24-34","42-54","5-13","0-0","0-0","4-11","2-9","0-3","Exeter","South West","Labour"
"7-16","19-33","1-6","48-66","0-0","0-2","0-3","0-3","Falkirk","Scotland","Labour"
"45-56","13-23","8-18","0-0","0-0","2-8","7-17","0-4","Fareham","South East","Conservatives"
"44-56","14-24","6-16","0-0","0-0","1-6","11-22","0-4","Faversham and Mid Kent","South East","Conservatives"
"25-34","42-55","5-15","0-0","0-0","1-4","5-13","1-5","Feltham and Heston","London","Labour"
"15-26","12-24","15-32","24-45","0-0","1-5","0-3","0-3","North East Fife","Scotland","Liberal Democrats"
"36-47","25-36","7-18","0-0","0-0","2-9","5-13","0-3","Filton and Bradley Stoke","South West","Conservatives"
"35-46","37-49","5-15","0-0","0-0","2-7","0-4","0-2","Finchley and Golders Green","London","Conservatives"
"38-50","10-19","10-22","0-0","0-0","1-7","14-26","1-5","Folkestone and Hythe","South East","Conservatives"
"37-48","24-35","5-15","0-0","0-0","1-6","9-19","0-3","Forest of Dean","South West","Conservatives"
"44-56","19-29","5-15","0-0","0-0","1-5","7-17","0-4","Fylde","North West","Conservatives"
"40-51","16-26","8-20","0-0","0-0","1-5","9-20","1-6","Gainsborough","East Midlands","Conservatives"
"10-18","57-70","3-11","0-0","0-0","1-6","6-15","0-4","Garston and Halewood","North West","Labour"
"13-21","51-65","4-14","0-0","0-0","2-7","6-15","0-4","Gateshead","North East","Labour"
"27-37","41-53","3-10","0-0","0-0","2-7","5-14","0-4","Gedling","East Midlands","Labour"
"36-47","23-33","4-14","0-0","0-0","1-7","11-22","0-4","Gillingham and Rainham","South East","Conservatives"
"5-13","31-41","2-9","37-49","0-0","2-7","0-2","1-4","Glasgow Central","Scotland","Labour"
"3-10","34-45","0-4","43-54","0-0","0-3","0-2","1-4","Glasgow East","Scotland","Labour"
"4-12","29-40","4-10","36-48","0-0","5-11","0-1","0-3","Glasgow North","Scotland","Labour"
"4-11","42-55","1-5","30-42","0-0","1-5","0-3","0-4","Glasgow North East","Scotland","Labour"
"6-14","34-45","2-8","35-47","0-0","1-6","0-2","0-3","Glasgow North West","Scotland","Labour"
"7-16","30-41","1-7","39-50","0-0","1-5","0-2","0-3","Glasgow South","Scotland","Labour"
"4-12","38-50","1-6","35-48","0-0","0-3","0-3","0-3","Glasgow South West","Scotland","Labour"
"5-13","35-53","2-8","29-50","0-0","0-3","0-2","0-3","Glenrothes","Scotland","Labour"
"35-44","30-39","8-16","0-0","0-0","1-5","7-13","0-3","Gloucester","South West","Conservatives"
"11-20","9-18","25-35","32-44","0-0","0-3","0-2","0-3","Gordon","Scotland","Liberal Democrats"
"42-54","16-26","7-18","0-0","0-0","2-7","8-18","1-4","Gosport","South East","Conservatives"
"23-33","36-49","5-14","0-0","2-12","1-5","5-14","0-4","Gower","Wales","Labour"
"42-53","16-26","6-16","0-0","0-0","1-6","11-22","0-4","Grantham and Stamford","East Midlands","Conservatives"
"38-49","22-33","3-10","0-0","0-0","1-4","15-27","0-3","Gravesham","South East","Conservatives"
"20-29","34-44","6-13","0-0","0-0","1-5","18-27","1-5","Great Grimsby","Yorkshire and The Humber","Labour"
"31-40","25-35","2-8","0-0","0-0","2-6","21-29","0-3","Great Yarmouth","East of England","Conservatives"
"20-29","46-59","6-16","0-0","0-0","2-8","3-10","0-3","Greenwich and Woolwich","London","Labour"
"47-60","5-13","19-35","0-0","0-0","2-7","2-9","0-3","Guildford","South East","Conservatives"
"10-18","55-68","7-18","0-0","0-0","5-14","0-3","0-4","Hackney North and Stoke Newington","London","Labour"
"11-19","54-68","7-19","0-0","0-0","3-11","1-5","1-5","Hackney South and Shoreditch","London","Labour"
"35-44","33-42","2-8","0-0","0-0","1-5","10-17","0-3","Halesowen and Rowley Regis","West Midlands","Conservatives"
"24-34","37-49","5-13","0-0","0-0","1-7","7-16","1-8","Halifax","Yorkshire and The Humber","Labour"
"41-52","18-29","8-20","0-0","0-0","2-7","6-15","0-4","Haltemprice and Howden","Yorkshire and The Humber","Conservatives"
"14-23","55-67","2-9","0-0","0-0","1-4","7-17","0-4","Halton","North West","Labour"
"30-40","42-54","4-12","0-0","0-0","2-8","1-5","0-3","Hammersmith","London","Labour"
"48-61","7-16","15-30","0-0","0-0","1-5","4-12","0-3","East Hampshire","South East","Conservatives"
"53-65","9-18","11-24","0-0","0-0","1-4","4-11","0-3","North East Hampshire","South East","Conservatives"
"46-58","10-20","11-25","0-0","0-0","1-5","7-17","0-3","North West Hampshire","South East","Conservatives"
"28-37","39-48","11-19","0-0","0-0","4-10","0-3","0-3","Hampstead and Kilburn","London","Labour"
"43-55","14-24","13-26","0-0","0-0","1-5","4-13","0-4","Harborough","East Midlands","Conservatives"
"35-46","26-38","4-12","0-0","0-0","1-5","10-21","0-4","Harlow","East of England","Conservatives"
"41-51","8-16","22-32","0-0","0-0","3-9","5-12","0-3","Harrogate and Knaresborough","Yorkshire and The Humber","Conservatives"
"38-47","37-46","5-11","0-0","0-0","1-4","3-8","0-3","Harrow East","London","Conservatives"
"28-38","43-55","6-16","0-0","0-0","1-5","1-7","0-3","Harrow West","London","Labour"
"21-31","40-53","2-9","0-0","0-0","1-5","12-24","1-5","Hartlepool","North East","Labour"
"35-46","19-29","8-19","0-0","0-0","2-8","11-22","1-4","Harwich and North Essex","East of England","Conservatives"
"33-42","34-44","3-10","0-0","0-0","2-7","8-15","1-4","Hastings and Rye","South East","Conservatives"
"39-50","17-27","7-17","0-0","0-0","2-7","11-21","0-3","Havant","South East","Conservatives"
"22-32","47-60","1-7","0-0","0-0","1-4","6-17","0-4","Hayes and Harlington","London","Labour"
"27-36","14-23","34-43","0-0","0-0","1-5","5-11","0-2","Hazel Grove","North West","Liberal Democrats"
"42-53","19-29","8-19","0-0","0-0","2-7","6-16","0-3","Hemel Hempstead","East of England","Conservatives"
"16-25","51-64","2-9","0-0","0-0","1-5","7-18","0-5","Hemsworth","Yorkshire and The Humber","Labour"
"34-43","42-52","3-10","0-0","0-0","1-4","2-7","0-3","Hendon","London","Conservatives"
"50-61","11-20","9-21","0-0","0-0","2-8","4-12","0-3","Henley","South East","Conservatives"
"40-53","8-17","15-31","0-0","0-0","2-7","7-17","1-5","Hereford and South Herefordshire","West Midlands","Conservatives"
"45-58","7-16","13-28","0-0","0-0","2-9","6-15","0-4","North Herefordshire","West Midlands","Conservatives"
"46-57","13-23","10-22","0-0","0-0","1-6","6-14","0-3","Hertford and Stortford","East of England","Conservatives"
"44-55","16-25","9-21","0-0","0-0","2-8","6-15","0-2","North East Hertfordshire","East of England","Conservatives"
"44-56","11-21","14-27","0-0","0-0","2-7","4-12","0-4","South West Hertfordshire","East of England","Conservatives"
"45-56","20-30","5-15","0-0","0-0","2-8","5-13","0-4","Hertsmere","East of England","Conservatives"
"43-55","21-32","7-18","0-0","0-0","2-8","3-11","0-3","Hexham","North East","Conservatives"
"19-29","40-53","4-13","0-0","0-0","1-6","10-21","1-5","Heywood and Middleton","North West","Labour"
"35-44","32-42","5-13","0-0","0-0","2-7","5-12","0-3","High Peak","East Midlands","Conservatives"
"46-58","14-24","11-24","0-0","0-0","2-8","3-10","0-3","Hitchin and Harpenden","East of England","Conservatives"
"15-26","40-55","9-23","0-0","0-0","8-18","0-5","0-3","Holborn and St Pancras","London","Labour"
"41-52","20-31","2-10","0-0","0-0","1-5","13-25","0-4","Hornchurch and Upminster","London","Conservatives"
"11-19","36-45","30-39","0-0","0-0","4-10","0-3","0-3","Hornsey and Wood Green","London","Liberal Democrats"
"44-57","7-15","17-33","0-0","0-0","1-6","6-14","0-3","Horsham","South East","Conservatives"
"17-26","51-64","2-8","0-0","0-0","1-5","7-18","0-4","Houghton and Sunderland South","North East","Labour"
"34-43","34-43","4-11","0-0","0-0","7-13","2-7","0-3","Hove","South East","Conservatives"
"18-28","41-55","6-16","0-0","0-0","3-11","5-15","0-4","Huddersfield","Yorkshire and The Humber","Labour"
"10-19","47-60","5-14","0-0","0-0","1-5","12-24","1-5","Kingston upon Hull East","Yorkshire and The Humber","Labour"
"8-17","45-59","10-23","0-0","0-0","2-9","7-17","1-6","Kingston upon Hull North","Yorkshire and The Humber","Labour"
"13-22","41-55","5-15","0-0","0-0","1-6","13-25","1-6","Kingston upon Hull West and Hessle","Yorkshire and The Humber","Labour"
"41-53","12-21","13-27","0-0","0-0","1-6","7-17","0-3","Huntingdon","East of England","Conservatives"
"25-34","40-53","2-8","0-0","0-0","1-6","9-20","1-5","Hyndburn","North West","Labour"
"37-47","33-44","3-11","0-0","0-0","1-4","4-13","0-4","Ilford North","London","Conservatives"
"19-29","49-62","6-17","0-0","0-0","1-5","2-9","1-5","Ilford South","London","Labour"
"8-17","32-51","2-8","27-50","0-0","0-2","0-3","0-3","Inverclyde","Scotland","Labour"
"7-15","11-20","20-30","38-49","0-0","1-3","0-3","1-4","Inverness, Nairn, Badenoch and Strathspey","Scotland","Liberal Democrats"
"31-41","32-42","5-13","0-0","0-0","3-8","8-16","0-3","Ipswich","East of England","Conservatives"
"34-46","10-19","11-25","0-0","0-0","2-8","15-26","1-5","Isle of Wight","South East","Conservatives"
"11-20","48-63","10-25","0-0","0-0","5-14","0-5","0-2","Islington North","London","Labour"
"16-26","38-53","9-23","0-0","0-0","8-19","1-7","0-3","Islington South and Finsbury","London","Labour"
"10-18","44-60","2-9","0-0","6-21","0-4","6-16","1-6","Islwyn","Wales","Labour"
"16-25","52-65","3-10","0-0","0-0","1-6","6-16","0-4","Jarrow","North East","Labour"
"31-41","35-45","4-11","0-0","0-0","1-5","9-16","1-4","Keighley","Yorkshire and The Humber","Conservatives"
"46-57","15-25","9-22","0-0","0-0","2-9","3-11","0-3","Kenilworth and Southam","West Midlands","Conservatives"
"45-57","23-34","6-17","0-0","0-0","2-9","1-6","0-3","Kensington","London","Conservatives"
"40-51","28-39","3-10","0-0","0-0","1-5","6-15","1-5","Kettering","East Midlands","Conservatives"
"9-18","23-38","1-5","42-61","0-0","0-2","0-3","0-2","Kilmarnock and Loudoun","Scotland","Labour"
"29-38","12-20","36-45","0-0","0-0","2-7","2-7","0-3","Kingston and Surbiton","London","Liberal Democrats"
"36-45","30-39","4-11","0-0","0-0","2-6","9-16","0-3","Kingswood","South West","Conservatives"
"6-14","33-44","2-7","38-49","0-0","0-3","0-2","0-3","Kirkcaldy and Cowdenbeath","Scotland","Labour"
"5-13","67-79","2-8","0-0","0-0","1-4","5-15","1-5","Knowsley","North West","Labour"
"9-18","24-40","1-8","37-57","0-0","0-2","0-3","0-3","Lanark and Hamilton East","Scotland","Labour"
"25-35","45-57","2-8","0-0","0-0","1-6","5-14","0-4","West Lancashire","North West","Labour"
"28-38","36-46","3-10","0-0","0-0","6-13","6-13","0-3","Lancaster and Fleetwood","North West","Conservatives"
"15-24","49-62","4-13","0-0","0-0","3-10","4-13","1-5","Leeds Central","Yorkshire and The Humber","Labour"
"15-25","49-62","3-12","0-0","0-0","1-6","7-17","1-6","Leeds East","Yorkshire and The Humber","Labour"
"22-32","45-58","5-14","0-0","0-0","3-10","2-8","1-4","Leeds North East","Yorkshire and The Humber","Labour"
"18-28","26-40","21-39","0-0","0-0","5-14","1-7","0-4","Leeds North West","Yorkshire and The Humber","Liberal Democrats"
"15-24","47-60","5-15","0-0","0-0","3-10","5-14","1-5","Leeds West","Yorkshire and The Humber","Labour"
"15-25","49-64","5-16","0-0","0-0","1-4","4-15","1-5","Leicester East","East Midlands","Labour"
"13-22","49-63","7-19","0-0","0-0","2-9","2-9","1-5","Leicester South","East Midlands","Labour"
"19-29","40-53","5-16","0-0","0-0","2-8","6-16","1-6","Leicester West","East Midlands","Labour"
"39-49","27-38","4-12","0-0","0-0","1-5","7-17","1-4","North West Leicestershire","East Midlands","Conservatives"
"43-54","20-31","6-17","0-0","0-0","1-4","6-15","1-6","South Leicestershire","East Midlands","Conservatives"
"16-25","47-60","4-12","0-0","0-0","1-6","8-18","1-6","Leigh","North West","Labour"
"28-38","6-14","37-47","0-0","0-0","3-8","5-12","1-4","Lewes","South East","Liberal Democrats"
"11-20","51-65","9-22","0-0","0-0","3-11","1-7","0-3","Lewisham, Deptford","London","Labour"
"17-27","41-55","8-20","0-0","0-0","2-8","5-15","0-4","Lewisham East","London","Labour"
"19-30","42-55","8-20","0-0","0-0","2-9","3-10","0-3","Lewisham West and Penge","London","Labour"
"16-26","46-60","9-22","0-0","0-0","2-7","2-9","0-4","Leyton and Wanstead","London","Labour"
"46-57","18-28","5-14","0-0","0-0","1-4","8-18","0-3","Lichfield","West Midlands","Conservatives"
"32-42","35-45","4-11","0-0","0-0","2-6","7-14","1-4","Lincoln","East Midlands","Conservatives"
"9-18","27-44","2-8","33-53","0-0","0-2","0-3","0-3","Linlithgow and East Falkirk","Scotland","Labour"
"7-15","60-73","4-13","0-0","0-0","4-13","2-8","0-4","Liverpool, Riverside","North West","Labour"
"4-11","67-79","2-9","0-0","0-0","1-5","4-13","1-5","Liverpool, Walton","North West","Labour"
"5-12","58-72","8-21","0-0","0-0","2-8","3-10","1-5","Liverpool, Wavertree","North West","Labour"
"6-14","65-77","2-9","0-0","0-0","1-5","5-14","1-5","Liverpool, West Derby","North West","Labour"
"8-17","24-39","2-8","38-56","0-0","0-3","0-3","0-4","Livingston","Scotland","Labour"
"10-19","35-53","1-8","0-0","15-34","1-4","5-14","1-5","Llanelli","Wales","Labour"
"39-48","34-43","3-9","0-0","0-0","1-5","4-10","1-5","Loughborough","East Midlands","Conservatives"
"36-47","18-28","5-14","0-0","0-0","1-4","16-28","1-5","Louth and Horncastle","East Midlands","Conservatives"
"43-56","7-16","12-27","0-0","0-0","1-7","9-20","0-4","Ludlow","West Midlands","Conservatives"
"21-31","44-57","3-11","0-0","0-0","1-5","7-18","0-4","Luton North","East of England","Labour"
"21-31","34-48","8-20","0-0","0-0","1-6","9-20","0-4","Luton South","East of England","Labour"
"42-53","22-32","7-18","0-0","0-0","1-6","4-12","0-4","Macclesfield","North West","Conservatives"
"50-63","6-15","15-31","0-0","0-0","1-5","3-10","0-3","Maidenhead","South East","Conservatives"
"39-52","10-19","15-32","0-0","0-0","1-7","7-17","0-3","Maidstone and The Weald","South East","Conservatives"
"15-24","50-63","3-11","0-0","0-0","1-5","8-18","0-4","Makerfield","North West","Labour"
"46-57","10-19","6-15","0-0","0-0","1-5","13-25","1-4","Maldon","East of England","Conservatives"
"9-17","54-67","7-18","0-0","0-0","4-12","2-8","0-4","Manchester Central","North West","Labour"
"7-15","52-67","10-23","0-0","0-0","5-14","1-7","0-4","Manchester, Gorton","North West","Labour"
"8-15","47-56","20-29","0-0","0-0","7-13","0-3","0-3","Manchester, Withington","North West","Liberal Democrats"
"19-29","40-53","3-11","0-0","0-0","1-5","11-23","1-6","Mansfield","East Midlands","Labour"
"45-58","6-14","18-32","0-0","0-0","1-6","6-14","0-3","Meon Valley","South East","Conservatives"
"43-54","18-28","5-13","0-0","0-0","1-7","9-19","1-5","Meriden","West Midlands","Conservatives"
"5-13","44-61","9-23","0-0","1-9","1-4","8-20","1-6","Merthyr Tydfil and Rhymney","Wales","Labour"
"15-25","48-61","3-11","0-0","0-0","2-8","7-18","1-5","Middlesbrough","North East","Labour"
"28-38","39-51","2-9","0-0","0-0","1-6","7-16","0-4","Middlesbrough South and East Cleveland","North East","Labour"
"6-14","21-38","3-11","37-60","0-0","1-5","0-3","0-4","Midlothian","Scotland","Labour"
"37-49","20-30","9-22","0-0","0-0","2-8","6-15","0-4","Milton Keynes North","South East","Conservatives"
"36-47","26-37","5-15","0-0","0-0","1-6","7-16","0-4","Milton Keynes South","South East","Conservatives"
"19-29","53-65","3-10","0-0","0-0","1-5","3-10","0-4","Mitcham and Morden","London","Labour"
"49-63","7-15","15-30","0-0","0-0","1-5","4-12","0-2","Mole Valley","South East","Conservatives"
"41-53","21-32","5-14","0-0","1-8","1-5","6-15","0-2","Monmouth","Wales","Conservatives"
"31-45","6-14","22-42","0-0","2-14","1-4","5-15","0-4","Montgomeryshire","Wales","Conservatives"
"17-31","7-18","2-11","43-64","0-0","0-2","0-4","0-3","Moray","Scotland","SNP"
"33-43","35-44","3-10","0-0","0-0","2-6","7-14","1-4","Morecambe and Lunesdale","North West","Conservatives"
"26-36","35-47","4-12","0-0","0-0","1-5","10-21","1-5","Morley and Outwood","Yorkshire and The Humber","Labour"
"5-12","34-45","1-5","40-52","0-0","0-2","0-2","0-3","Motherwell and Wishaw","Scotland","Labour"
"1-6","5-17","0-4","74-89","0-0","0-1","0-1","0-3","Na h-Eileanan an Iar","Scotland","SNP"
"8-17","38-54","3-12","0-0","12-29","1-5","5-14","1-5","Neath","Wales","Labour"
"44-56","9-18","10-24","0-0","0-0","1-6","10-21","0-2","New Forest East","South East","Conservatives"
"48-60","9-18","7-19","0-0","0-0","1-7","9-21","0-2","New Forest West","South East","Conservatives"
"44-55","20-31","4-13","0-0","0-0","1-5","8-18","0-3","Newark","East Midlands","Conservatives"
"47-60","3-11","20-36","0-0","0-0","1-4","5-13","0-3","Newbury","South East","Conservatives"
"25-35","39-51","4-13","0-0","0-0","1-7","8-18","0-3","Newcastle-under-Lyme","West Midlands","Labour"
"16-25","46-60","4-14","0-0","0-0","3-10","6-15","0-4","Newcastle upon Tyne Central","North East","Labour"
"13-22","46-60","8-20","0-0","0-0","6-16","1-7","0-4","Newcastle upon Tyne East","North East","Labour"
"15-24","45-59","9-21","0-0","0-0","2-7","4-13","0-3","Newcastle upon Tyne North","North East","Labour"
"19-29","38-53","8-21","0-0","0-5","1-5","6-16","0-4","Newport East","Wales","Labour"
"25-35","38-51","3-12","0-0","1-9","1-5","5-15","0-3","Newport West","Wales","Labour"
"40-49","9-17","18-28","0-0","0-0","3-9","8-16","0-3","Newton Abbot","South West","Conservatives"
"38-49","16-26","7-17","0-0","0-0","2-7","13-23","0-4","Mid Norfolk","East of England","Conservatives"
"20-32","7-16","34-54","0-0","0-0","1-7","9-20","0-3","North Norfolk","East of England","Liberal Democrats"
"39-50","13-22","8-19","0-0","0-0","2-8","13-26","0-4","North West Norfolk","East of England","Conservatives"
"38-50","13-23","13-27","0-0","0-0","2-7","8-19","0-3","South Norfolk","East of England","Conservatives"
"34-45","16-26","7-18","0-0","0-0","1-5","17-30","0-3","South West Norfolk","East of England","Conservatives"
"16-25","49-62","2-9","0-0","0-0","1-5","9-20","1-5","Normanton, Pontefract and Castleford","Yorkshire and The Humber","Labour"
"30-40","32-41","7-15","0-0","0-0","1-6","9-17","0-3","Northampton North","East Midlands","Conservatives"
"35-46","24-36","4-14","0-0","0-0","2-8","9-20","1-4","Northampton South","East Midlands","Conservatives"
"49-60","15-25","7-19","0-0","0-0","1-5","5-14","0-3","South Northamptonshire","East Midlands","Conservatives"
"32-41","31-41","4-11","0-0","0-0","4-10","8-16","0-3","Norwich North","East of England","Conservatives"
"17-26","31-41","11-20","0-0","0-0","15-22","4-11","1-4","Norwich South","East of England","Liberal Democrats"
"17-26","45-59","5-14","0-0","0-0","4-13","4-12","0-3","Nottingham East","East Midlands","Labour"
"16-26","46-60","3-11","0-0","0-0","1-6","8-20","1-5","Nottingham North","East Midlands","Labour"
"23-33","39-52","4-14","0-0","0-0","5-14","3-12","0-4","Nottingham South","East Midlands","Labour"
"35-44","35-44","2-8","0-0","0-0","2-7","7-14","1-3","Nuneaton","West Midlands","Conservatives"
"14-24","20-34","2-9","36-55","0-0","0-3","0-2","0-2","Ochil and South Perthshire","Scotland","Labour"
"10-19","46-61","3-11","0-0","5-19","1-5","4-13","1-5","Ogmore","Wales","Labour"
"43-55","18-28","3-10","0-0","0-0","1-4","12-24","0-4","Old Bexley and Sidcup","London","Conservatives"
"18-28","34-47","9-22","0-0","0-0","1-5","11-22","1-6","Oldham East and Saddleworth","North West","Labour"
"16-25","45-59","4-14","0-0","0-0","1-5","9-20","1-5","Oldham West and Royton","North West","Labour"
"8-18","7-17","30-58","13-39","0-0","1-5","0-4","0-4","Orkney and Shetland","Scotland","Liberal Democrats"
"49-61","10-19","7-19","0-0","0-0","1-5","8-19","0-3","Orpington","London","Conservatives"
"13-22","45-58","11-24","0-0","0-0","5-14","1-6","0-3","Oxford East","South East","Labour"
"37-46","13-22","25-34","0-0","0-0","3-8","2-8","0-2","Oxford West and Abingdon","South East","Conservatives"
"10-19","30-46","1-7","31-50","0-0","0-3","0-2","0-3","Paisley and Renfrewshire North","Scotland","Labour"
"6-14","33-45","1-7","39-50","0-0","0-3","0-1","0-3","Paisley and Renfrewshire South","Scotland","Labour"
"35-44","31-40","8-16","0-0","0-0","1-4","6-13","0-4","Pendle","North West","Conservatives"
"20-30","38-50","5-14","0-0","0-0","1-5","11-22","1-6","Penistone and Stocksbridge","Yorkshire and The Humber","Labour"
"44-56","13-23","10-24","0-0","0-0","1-5","6-16","0-4","Penrith and The Border","North West","Conservatives"
"21-34","7-17","2-10","42-61","0-0","0-3","0-3","0-3","Perth and North Perthshire","Scotland","SNP"
"30-41","27-39","6-16","0-0","0-0","1-6","10-22","0-4","Peterborough","East of England","Conservatives"
"24-34","35-45","3-10","0-0","0-0","1-5","15-24","1-4","Plymouth, Moor View","South West","Labour"
"28-38","31-41","4-11","0-0","0-0","6-12","10-18","0-3","Plymouth, Sutton and Devonport","South West","Conservatives"
"11-20","40-55","9-21","0-0","3-15","2-7","4-13","1-5","Pontypridd","Wales","Labour"
"40-52","12-22","9-21","0-0","0-0","1-7","11-22","0-4","Poole","South West","Conservatives"
"27-40","38-53","4-14","0-0","0-0","2-8","2-10","0-5","Poplar and Limehouse","London","Labour"
"36-46","23-34","5-14","0-0","0-0","1-6","11-22","1-4","Portsmouth North","South East","Conservatives"
"28-38","17-26","23-33","0-0","0-0","4-9","6-13","1-4","Portsmouth South","South East","Liberal Democrats"
"34-46","25-37","3-10","0-0","3-15","1-5","5-15","0-4","Preseli Pembrokeshire","Wales","Conservatives"
"15-25","48-61","6-16","0-0","0-0","2-9","4-12","1-5","Preston","North West","Labour"
"35-44","34-43","5-12","0-0","0-0","2-7","4-10","0-3","Pudsey","Yorkshire and The Humber","Conservatives"
"44-56","26-38","5-14","0-0","0-0","2-9","1-5","0-3","Putney","London","Conservatives"
"47-58","12-21","4-13","0-0","0-0","1-5","12-24","1-4","Rayleigh and Wickford","East of England","Conservatives"
"38-49","24-34","8-19","0-0","0-0","4-12","3-9","0-3","Reading East","South East","Conservatives"
"39-49","26-37","5-15","0-0","0-0","2-7","6-14","0-3","Reading West","South East","Conservatives"
"12-21","40-50","16-25","0-0","0-0","1-4","10-18","0-3","Redcar","North East","Liberal Democrats"
"37-48","27-38","4-13","0-0","0-0","1-6","6-16","1-5","Redditch","West Midlands","Conservatives"
"49-61","11-20","9-22","0-0","0-0","2-7","5-14","0-4","Reigate","South East","Conservatives"
"23-33","31-42","1-6","24-36","0-0","0-3","0-2","0-2","East Renfrewshire","Scotland","Labour"
"3-11","42-63","2-9","0-0","12-37","1-5","3-11","1-6","Rhondda","Wales","Labour"
"44-55","20-31","5-14","0-0","0-0","1-5","7-16","0-4","Ribble Valley","North West","Conservatives"
"49-61","15-25","4-14","0-0","0-0","1-6","7-18","0-3","Richmond (Yorks)","Yorkshire and The Humber","Conservatives"
"44-58","7-15","22-38","0-0","0-0","2-8","1-5","0-3","Richmond Park","London","Conservatives"
"12-21","38-53","13-29","0-0","0-0","1-5","7-18","1-6","Rochdale","North West","Labour"
"37-47","21-31","2-8","0-0","0-0","2-7","18-26","0-3","Rochester and Strood","South East","Conservatives"
"37-48","18-29","5-14","0-0","0-0","2-8","12-24","1-5","Rochford and Southend East","East of England","Conservatives"
"44-55","17-28","2-8","0-0","0-0","1-4","13-25","1-5","Romford","London","Conservatives"
"44-57","7-16","16-32","0-0","0-0","1-6","5-14","0-2","Romsey and Southampton North","South East","Conservatives"
"5-13","7-15","33-43","31-43","0-0","1-5","0-2","0-3","Ross, Skye and Lochaber","Scotland","Liberal Democrats"
"35-45","29-40","4-12","0-0","0-0","1-5","6-16","2-9","Rossendale and Darwen","North West","Conservatives"
"18-27","40-51","3-10","0-0","0-0","1-5","17-26","1-4","Rother Valley","Yorkshire and The Humber","Labour"
"11-19","48-59","3-11","0-0","0-0","1-4","15-24","2-6","Rotherham","Yorkshire and The Humber","Labour"
"37-47","27-38","5-14","0-0","0-0","2-8","6-14","0-4","Rugby","West Midlands","Conservatives"
"47-58","20-30","5-15","0-0","0-0","1-6","4-11","0-4","Ruislip, Northwood and Pinner","London","Conservatives"
"49-61","12-22","8-19","0-0","0-0","1-6","6-15","0-3","Runnymede and Weybridge","South East","Conservatives"
"45-56","22-32","7-18","0-0","0-0","2-7","3-10","0-2","Rushcliffe","East Midlands","Conservatives"
"7-16","38-55","2-9","24-46","0-0","0-2","0-3","0-2","Rutherglen and Hamilton West","Scotland","Labour"
"44-56","14-24","10-23","0-0","0-0","1-4","7-16","0-4","Rutland and Melton","East Midlands","Conservatives"
"44-57","10-18","15-29","0-0","0-0","1-5","5-14","0-4","Saffron Walden","East of England","Conservatives"
"33-45","17-28","19-37","0-0","0-0","2-8","3-10","0-2","St Albans","East of England","Conservatives"
"30-39","8-16","24-32","0-0","0-0","3-8","13-20","2-6","St Austell and Newquay","South West","Liberal Democrats"
"15-24","52-64","3-12","0-0","0-0","1-5","7-16","0-4","St Helens North","North West","Labour"
"12-20","53-65","4-14","0-0","0-0","2-7","6-15","1-5","St Helens South and Whiston","North West","Labour"
"30-39","8-16","31-39","0-0","0-0","4-9","7-14","1-5","St Ives","South West","Liberal Democrats"
"18-27","43-56","5-15","0-0","0-0","2-8","7-16","1-5","Salford and Eccles","North West","Labour"
"41-54","8-17","18-34","0-0","0-0","2-7","5-14","0-3","Salisbury","South West","Conservatives"
"32-42","27-39","5-14","0-0","0-0","2-8","9-20","1-5","Scarborough and Whitby","Yorkshire and The Humber","Conservatives"
"22-32","40-52","3-11","0-0","0-0","1-6","9-20","1-5","Scunthorpe","Yorkshire and The Humber","Labour"
"19-29","48-61","3-11","0-0","0-0","1-5","6-15","0-4","Sedgefield","North East","Labour"
"23-33","42-55","4-12","0-0","0-0","1-6","6-15","0-4","Sefton Central","North West","Labour"
"41-51","26-36","5-14","0-0","0-0","1-5","5-13","0-4","Selby and Ainsty","Yorkshire and The Humber","Conservatives"
"51-63","13-22","7-17","0-0","0-0","1-6","5-14","0-4","Sevenoaks","South East","Conservatives"
"8-16","50-65","5-15","0-0","0-0","1-6","8-20","1-7","Sheffield, Brightside and Hillsborough","East Midlands","Labour"
"6-14","47-61","12-26","0-0","0-0","7-16","1-5","1-7","Sheffield Central","Yorkshire and The Humber","Labour"
"16-25","27-36","31-39","0-0","0-0","4-10","2-7","0-3","Sheffield, Hallam","Yorkshire and The Humber","Liberal Democrats"
"11-20","44-57","9-20","0-0","0-0","2-8","8-18","1-6","Sheffield, Heeley","Yorkshire and The Humber","Labour"
"11-19","46-59","6-16","0-0","0-0","1-6","11-22","1-6","Sheffield South East","Yorkshire and The Humber","Labour"
"32-41","35-44","2-8","0-0","0-0","1-5","10-18","1-4","Sherwood","East Midlands","Conservatives"
"37-49","28-40","5-14","0-0","0-0","2-8","4-13","0-3","Shipley","Yorkshire and The Humber","Conservatives"
"36-47","22-32","8-19","0-0","0-0","3-9","6-15","1-4","Shrewsbury and Atcham","West Midlands","Conservatives"
"41-52","16-26","6-15","0-0","0-0","2-7","11-21","1-4","North Shropshire","West Midlands","Conservatives"
"38-49","18-29","3-12","0-0","0-0","1-4","16-28","1-5","Sittingbourne and Sheppey","South East","Conservatives"
"40-53","11-21","15-31","0-0","0-0","1-6","6-15","0-4","Skipton and Ripon","Yorkshire and The Humber","Conservatives"
"46-58","17-27","5-15","0-0","0-0","1-5","7-16","0-4","Sleaford and North Hykeham","East Midlands","Conservatives"
"26-36","40-53","4-14","0-0","0-0","1-4","6-16","0-4","Slough","South East","Labour"
"36-45","9-18","25-33","0-0","0-0","3-8","7-13","1-4","Solihull","West Midlands","Liberal Democrats"
"42-55","12-22","14-28","0-0","0-0","1-6","6-15","0-3","North Somerset","South West","Conservatives"
"34-45","30-42","6-16","0-0","0-0","2-8","4-13","0-3","North East Somerset","South West","Conservatives"
"41-50","5-13","26-34","0-0","0-0","3-8","6-13","0-3","Somerton and Frome","South West","Liberal Democrats"
"48-60","12-21","3-11","0-0","0-0","1-4","14-26","0-3","South Holland and The Deepings","East Midlands","Conservatives"
"37-48","32-43","3-10","0-0","0-0","1-5","6-15","0-4","South Ribble","North West","Conservatives"
"17-27","50-63","1-8","0-0","0-0","1-6","7-18","0-3","South Shields","North East","Labour"
"30-39","33-42","6-14","0-0","0-0","2-7","9-17","0-3","Southampton, Itchen","South East","Labour"
"24-34","38-51","5-14","0-0","0-0","3-10","5-14","0-4","Southampton, Test","South East","Labour"
"38-49","14-24","10-23","0-0","0-0","2-7","11-22","0-4","Southend West","East of England","Conservatives"
"25-34","11-20","35-45","0-0","0-0","1-5","8-15","0-3","Southport","North West","Liberal Democrats"
"42-54","13-23","8-20","0-0","0-0","1-4","11-22","1-5","Spelthorne","South East","Conservatives"
"37-47","29-40","4-12","0-0","0-0","2-7","5-14","1-5","Stafford","West Midlands","Conservatives"
"38-49","26-37","4-13","0-0","0-0","1-5","8-19","0-3","Staffordshire Moorlands","West Midlands","Conservatives"
"46-57","18-28","3-10","0-0","0-0","1-4","10-21","1-5","South Staffordshire","West Midlands","Conservatives"
"25-34","40-53","3-10","0-0","0-0","1-7","7-18","0-4","Stalybridge and Hyde","North West","Labour"
"35-44","32-41","6-13","0-0","0-0","1-5","7-14","0-3","Stevenage","East of England","Conservatives"
"16-27","24-38","2-8","30-49","0-0","1-5","0-2","0-2","Stirling","Scotland","Labour"
"20-29","44-57","6-17","0-0","0-0","2-9","3-11","1-5","Stockport","North West","Labour"
"24-33","42-55","2-9","0-0","0-0","1-6","7-18","0-4","Stockton North","North East","Labour"
"38-47","35-44","2-8","0-0","0-0","1-4","6-12","1-4","Stockton South","North East","Conservatives"
"15-24","41-54","5-15","0-0","0-0","1-7","9-21","1-8","Stoke-on-Trent Central","West Midlands","Labour"
"16-26","43-55","4-12","0-0","0-0","1-5","11-23","1-6","Stoke-on-Trent North","West Midlands","Labour"
"20-29","38-51","3-12","0-0","0-0","1-4","13-26","1-6","Stoke-on-Trent South","West Midlands","Labour"
"42-54","19-30","6-17","0-0","0-0","1-6","8-18","0-3","Stone","West Midlands","Conservatives"
"34-44","28-39","3-11","0-0","0-0","1-6","11-22","0-3","Stourbridge","West Midlands","Conservatives"
"45-58","10-19","13-27","0-0","0-0","2-7","5-14","0-4","Stratford-on-Avon","West Midlands","Conservatives"
"14-23","42-57","14-31","0-0","0-0","3-10","1-5","0-2","Streatham","London","Labour"
"22-31","48-60","3-12","0-0","0-0","1-6","4-12","0-3","Stretford and Urmston","North West","Labour"
"32-41","34-44","4-11","0-0","0-0","6-13","3-10","0-2","Stroud","South West","Conservatives"
"40-51","15-25","9-21","0-0","0-0","1-7","9-20","0-3","Central Suffolk and North Ipswich","East of England","Conservatives"
"35-47","15-26","12-26","0-0","0-0","1-7","10-20","0-3","Suffolk Coastal","East of England","Conservatives"
"37-48","15-25","12-26","0-0","0-0","1-7","9-20","0-3","South Suffolk","East of England","Conservatives"
"40-52","13-22","8-21","0-0","0-0","1-6","11-23","0-4","West Suffolk","East of England","Conservatives"
"22-32","44-57","2-9","0-0","0-0","1-6","7-17","0-4","Sunderland Central","North East","Labour"
"50-62","8-16","11-24","0-0","0-0","1-5","6-15","0-4","East Surrey","South East","Conservatives"
"51-63","8-17","11-24","0-0","0-0","1-4","5-14","0-3","Surrey Heath","South East","Conservatives"
"57-67","6-14","10-18","0-0","0-0","2-7","5-11","0-3","South West Surrey","South East","Conservatives"
"46-59","6-15","16-31","0-0","0-0","2-7","5-14","0-3","Mid Sussex","South East","Conservatives"
"28-38","7-15","41-50","0-0","0-0","1-4","5-11","0-2","Sutton and Cheam","London","Liberal Democrats"
"44-56","19-29","5-15","0-0","0-0","1-6","7-16","0-3","Sutton Coldfield","West Midlands","Conservatives"
"10-19","44-60","4-12","0-0","4-21","1-6","4-13","1-5","Swansea East","Wales","Labour"
"15-24","35-49","9-21","0-0","2-13","3-10","5-14","0-4","Swansea West","Wales","Labour"
"39-49","25-36","4-13","0-0","0-0","1-7","7-17","0-3","North Swindon","South West","Conservatives"
"36-45","32-41","5-12","0-0","0-0","1-6","7-14","0-2","South Swindon","South West","Conservatives"
"38-49","26-37","4-13","0-0","0-0","1-5","8-18","0-4","Tamworth","West Midlands","Conservatives"
"48-60","17-27","6-17","0-0","0-0","1-6","4-12","0-4","Tatton","North West","Conservatives"
"35-45","7-15","28-38","0-0","0-0","3-9","5-13","0-3","Taunton Deane","South West","Liberal Democrats"
"27-37","36-48","3-12","0-0","0-0","1-5","9-20","1-5","Telford","West Midlands","Labour"
"42-54","13-23","13-28","0-0","0-0","1-6","5-14","0-3","Tewkesbury","South West","Conservatives"
"41-51","19-29","6-14","0-0","0-0","1-5","12-21","0-3","North Thanet","South East","Conservatives"
"32-41","24-32","3-9","0-0","0-0","1-5","22-29","1-4","South Thanet","South East","Conservatives"
"44-55","22-33","4-13","0-0","0-0","1-5","5-14","0-4","Thirsk and Malton","Yorkshire and The Humber","Conservatives"
"24-33","6-14","46-55","0-0","0-0","1-4","5-11","0-2","Thornbury and Yate","South West","Liberal Democrats"
"31-40","26-35","2-7","0-0","0-0","1-4","23-31","1-4","Thurrock","East of England","Conservatives"
"43-55","9-18","11-24","0-0","0-0","1-6","11-22","0-3","Tiverton and Honiton","South West","Conservatives"
"48-60","13-22","8-18","0-0","0-0","1-6","7-16","0-3","Tonbridge and Malling","South East","Conservatives"
"30-40","43-55","3-12","0-0","0-0","2-9","0-4","0-3","Tooting","London","Labour"
"29-38","8-16","32-41","0-0","0-0","1-6","10-17","0-3","Torbay","South West","Liberal Democrats"
"14-23","38-52","3-12","0-0","4-18","1-6","8-18","1-5","Torfaen","Wales","Labour"
"39-52","9-17","15-30","0-0","0-0","3-10","6-16","0-4","Totnes","South West","Conservatives"
"10-18","61-74","5-14","0-0","0-0","2-8","1-6","0-4","Tottenham","London","Labour"
"36-46","12-21","15-24","0-0","0-0","5-12","8-16","1-5","Truro and Falmouth","South West","Conservatives"
"51-62","11-20","9-20","0-0","0-0","1-6","5-14","0-3","Tunbridge Wells","South East","Conservatives"
"27-40","10-20","35-53","0-0","0-0","2-7","1-6","0-3","Twickenham","London","Liberal Democrats"
"28-38","41-53","2-9","0-0","0-0","2-7","5-13","0-3","Tynemouth","North East","Labour"
"16-25","51-63","4-13","0-0","0-0","1-6","5-14","0-4","North Tyneside","North East","Labour"
"42-52","24-34","4-11","0-0","0-0","1-6","8-16","1-4","Uxbridge and South Ruislip","London","Conservatives"
"25-35","37-50","2-8","0-0","3-14","1-5","5-15","0-4","Vale of Clwyd","Wales","Labour"
"35-45","28-38","3-9","0-0","6-15","1-4","4-10","0-4","Vale of Glamorgan","Wales","Conservatives"
"18-28","47-61","8-19","0-0","0-0","3-11","1-5","0-3","Vauxhall","London","Labour"
"23-33","41-54","3-10","0-0","0-0","1-6","8-19","0-4","Wakefield","Yorkshire and The Humber","Labour"
"20-30","51-63","2-8","0-0","0-0","1-6","4-13","0-3","Wallasey","North West","Labour"
"25-35","35-48","2-9","0-0","0-0","1-4","13-26","1-5","Walsall North","West Midlands","Labour"
"24-34","38-50","3-11","0-0","0-0","1-4","9-21","1-6","Walsall South","West Midlands","Labour"
"10-18","50-65","10-24","0-0","0-0","1-7","3-10","0-4","Walthamstow","London","Labour"
"14-23","52-65","6-17","0-0","0-0","2-8","3-10","0-3","Wansbeck","North East","Labour"
"45-57","13-22","11-25","0-0","0-0","1-7","5-13","0-2","Wantage","South East","Conservatives"
"17-26","45-59","3-12","0-0","0-0","1-5","9-22","0-3","Warley","West Midlands","Labour"
"22-32","43-56","4-13","0-0","0-0","1-7","5-14","0-4","Warrington North","North West","Labour"
"30-40","31-41","12-21","0-0","0-0","1-5","6-13","0-2","Warrington South","North West","Conservatives"
"39-48","31-40","5-13","0-0","0-0","3-8","3-9","0-3","Warwick and Leamington","West Midlands","Conservatives"
"33-42","36-46","1-6","0-0","0-0","1-4","10-18","1-4","North Warwickshire","West Midlands","Conservatives"
"17-27","48-61","3-10","0-0","0-0","1-5","7-18","0-4","Washington and Sunderland West","North East","Labour"
"28-37","22-31","25-33","0-0","0-0","2-6","5-11","0-2","Watford","East of England","Conservatives"
"28-38","33-42","2-8","0-0","0-0","4-11","12-20","0-3","Waveney","East of England","Conservatives"
"47-59","10-18","11-25","0-0","0-0","1-6","6-16","0-2","Wealden","South East","Conservatives"
"32-41","36-45","4-11","0-0","0-0","1-5","7-15","0-3","Weaver Vale","North West","Conservatives"
"40-50","23-33","3-11","0-0","0-0","1-5","11-21","0-4","Wellingborough","East Midlands","Conservatives"
"35-44","9-17","26-34","0-0","0-0","5-10","6-13","0-3","Wells","South West","Liberal Democrats"
"46-57","18-29","5-13","0-0","0-0","2-8","6-15","0-3","Welwyn Hatfield","East of England","Conservatives"
"11-20","52-65","3-10","0-0","0-0","1-4","10-21","1-5","Wentworth and Dearne","Yorkshire and The Humber","Labour"
"19-29","39-53","2-9","0-0","0-0","1-4","14-27","0-4","West Bromwich East","West Midlands","Labour"
"21-30","39-52","2-9","0-0","0-0","1-5","14-26","0-4","West Bromwich West","West Midlands","Labour"
"12-21","59-71","5-16","0-0","0-0","1-5","1-7","0-4","West Ham","London","Labour"
"29-40","43-56","4-13","0-0","0-0","2-8","1-6","0-3","Westminster North","London","Labour"
"21-36","2-8","50-69","0-0","0-0","1-5","1-8","0-2","Westmorland and Lonsdale","North West","Liberal Democrats"
"37-49","13-22","14-29","0-0","0-0","2-8","7-17","1-4","Weston-Super-Mare","South West","Conservatives"
"17-26","45-58","2-10","0-0","0-0","1-4","11-22","1-5","Wigan","North West","Labour"
"43-57","7-16","17-34","0-0","0-0","1-6","5-14","0-3","North Wiltshire","South West","Conservatives"
"42-54","12-21","11-25","0-0","0-0","1-7","7-17","0-4","South West Wiltshire","South West","Conservatives"
"41-52","22-33","12-25","0-0","0-0","2-7","1-5","0-3","Wimbledon","London","Conservatives"
"39-54","6-14","25-43","0-0","0-0","2-7","2-8","0-3","Winchester","South East","Conservatives"
"54-66","8-17","10-23","0-0","0-0","1-6","4-12","0-3","Windsor","South East","Conservatives"
"28-37","44-56","3-10","0-0","0-0","1-6","3-11","0-3","Wirral South","North West","Labour"
"35-44","38-46","4-11","0-0","0-0","2-6","3-9","0-3","Wirral West","North West","Conservatives"
"42-54","15-25","7-18","0-0","0-0","1-7","10-20","0-2","Witham","East of England","Conservatives"
"54-64","13-21","4-11","0-0","0-0","3-8","6-14","0-3","Witney","South East","Conservatives"
"43-57","7-16","20-36","0-0","0-0","1-5","3-10","0-3","Woking","South East","Conservatives"
"48-60","10-19","15-29","0-0","0-0","1-6","3-9","0-3","Wokingham","South East","Conservatives"
"24-33","36-48","2-9","0-0","0-0","1-5","13-25","1-5","Wolverhampton North East","West Midlands","Labour"
"19-28","41-55","3-11","0-0","0-0","1-4","11-24","1-5","Wolverhampton South East","West Midlands","Labour"
"32-41","37-47","4-10","0-0","0-0","1-5","7-14","1-4","Wolverhampton South West","West Midlands","Conservatives"
"35-45","32-41","4-10","0-0","0-0","3-9","5-12","1-4","Worcester","West Midlands","Conservatives"
"45-57","14-25","8-21","0-0","0-0","1-5","7-17","0-3","Mid Worcestershire","West Midlands","Conservatives"
"40-54","6-15","19-36","0-0","0-0","2-8","5-14","0-3","West Worcestershire","West Midlands","Conservatives"
"25-34","42-54","2-9","0-0","0-0","1-5","8-18","1-5","Workington","North West","Labour"
"23-33","40-53","3-10","0-0","0-0","1-6","9-20","0-4","Worsley and Eccles South","North West","Labour"
"41-52","16-26","7-18","0-0","0-0","2-9","8-19","0-4","East Worthing and Shoreham","South East","Conservatives"
"41-53","11-21","11-24","0-0","0-0","2-9","8-19","0-3","Worthing West","South East","Conservatives"
"39-50","24-35","4-13","0-0","0-0","1-6","8-18","1-4","The Wrekin","West Midlands","Conservatives"
"19-29","37-50","7-18","0-0","1-10","1-4","7-17","0-4","Wrexham","Wales","Labour"
"43-55","16-26","11-24","0-0","0-0","1-6","4-12","0-4","Wycombe","South East","Conservatives"
"44-55","20-31","6-16","0-0","0-0","1-5","6-15","0-3","Wyre and Preston North","North West","Conservatives"
"37-47","15-24","5-12","0-0","0-0","2-6","13-21","6-13","Wyre Forest","West Midlands","Conservatives"
"19-28","46-58","5-14","0-0","0-0","1-6","5-14","1-5","Wythenshawe and Sale East","North West","Labour"
"26-38","6-14","34-52","0-0","0-0","1-6","6-16","0-4","Yeovil","South West","Liberal Democrats"
"15-26","25-42","1-7","0-0","16-42","1-5","4-15","1-6","Ynys Mon","Wales","Labour"
"19-29","41-54","7-18","0-0","0-0","5-14","2-9","0-4","York Central","Yorkshire and The Humber","Labour"
"35-45","22-32","12-25","0-0","0-0","2-8","4-11","1-5","York Outer","Yorkshire and The Humber","Conservatives"
"36-47","22-33","5-14","0-0","0-0","2-7","11-22","0-4","East Yorkshire","Yorkshire and The Humber","Conservatives"
